{
  "SVM": {
    "akurasi": 0.7615,
    "f1": 0.7646768623581648,
    "presisi": 0.7546251217137293,
    "recall": 0.775
  },
  "Random Forest": {
    "akurasi": 0.67375,
    "f1": 0.7397806580259222,
    "presisi": 0.615257048092869,
    "recall": 0.9275
  },
  "XGBoost": {
    "akurasi": 0.6835,
    "f1": 0.7370170336518488,
    "presisi": 0.6304193319118693,
    "recall": 0.887
  }
}